method,rate_total,seed,gmax_avg,gmax_p90,gmax_p99,gmax_max,egap_avg,n_samples,frac_gt_1.25,frac_gt_1.5,frac_gt_1.75,frac_gt_2
baseline,12.0,0,1.2436187835291073,1.69199269624844,2.0169468891858062,2.105348013753559,0.1002951496221858,2700,0.3088888888888889,0.1574074074074074,0.07629629629629629,0.011481481481481481
baseline,12.0,1,1.3704721403859492,1.8572565542286563,2.2529214159198157,2.519765808271978,0.13900443909237353,2700,0.5170370370370371,0.2840740740740741,0.16444444444444445,0.05
baseline,12.0,2,1.3470893784889877,1.836772444036779,2.1077542213977125,2.258839467535642,0.13173255305537407,2700,0.48814814814814816,0.2607407407407407,0.1411111111111111,0.03259259259259259
baseline,12.0,3,1.4454441503130895,1.9093788804781302,2.1566913579658857,2.3575764895878595,0.16407400333278052,2700,0.6796296296296296,0.3522222222222222,0.20222222222222222,0.05074074074074074
baseline,12.0,4,1.36094912247383,1.865357671043865,2.6771583616172805,3.0378827909658903,0.12900473675540897,2700,0.43666666666666665,0.2762962962962963,0.14666666666666667,0.0437037037037037
baseline,12.0,5,1.31143926739613,1.7727020655326025,2.287963688627872,2.579552534860027,0.11470827577308008,2700,0.397037037037037,0.23222222222222222,0.11444444444444445,0.03
baseline,12.0,6,1.3253092913270599,1.794864006310055,2.077221588928369,2.178596972824996,0.12040331671446175,2700,0.44185185185185183,0.2225925925925926,0.12185185185185185,0.016666666666666666
baseline,12.0,7,1.3413581150283007,1.8462213618576166,2.2613617826745225,2.788815434807508,0.12956021508863683,2700,0.43,0.25666666666666665,0.14222222222222222,0.03740740740740741
baseline,24.0,0,1.4657679514543485,1.9079867118916816,2.5433333901986264,2.760832787946788,0.17300104537426167,2700,0.7003703703703704,0.33037037037037037,0.1925925925925926,0.07333333333333333
baseline,24.0,1,1.54257126028586,2.012918026714813,2.444571155843297,3.118092206996188,0.20513803642206455,2700,0.8007407407407408,0.44962962962962966,0.27037037037037037,0.10925925925925926
baseline,24.0,2,1.5894979439150316,2.058333192491706,2.9032414539379405,3.0254738371667944,0.21313396944516974,2700,0.8277777777777777,0.5025925925925926,0.31851851851851853,0.12814814814814815
baseline,24.0,3,1.5505781711811488,2.0096909110069556,2.3431562848549388,2.468448225596798,0.20894641656163454,2700,0.8592592592592593,0.46111111111111114,0.2633333333333333,0.1037037037037037
baseline,24.0,4,1.5414358910620818,2.026452203882817,2.5841366463686977,3.197800068337066,0.19626768372896353,2700,0.7977777777777778,0.43444444444444447,0.25703703703703706,0.10703703703703704
baseline,24.0,5,1.4394884544026183,1.9249824363253156,2.5275198914773314,2.8915953297119423,0.1594243359424007,2700,0.6003703703703703,0.3337037037037037,0.1874074074074074,0.07777777777777778
baseline,24.0,6,1.469261085082137,1.9182635593021415,2.4462010228041406,2.770280650182416,0.17708166503876596,2700,0.6737037037037037,0.37925925925925924,0.2088888888888889,0.06296296296296296
baseline,24.0,7,1.5488156242443414,1.989744679380592,2.5333632043147007,2.9799491533831,0.20005762594794232,2700,0.7862962962962963,0.4985185185185185,0.27185185185185184,0.09259259259259259
baseline,48.0,0,1.6880398382527253,2.134389046107985,2.6171162857418744,3.019890249227786,0.26220202964486683,2700,0.9125925925925926,0.6588888888888889,0.4192592592592593,0.18074074074074073
baseline,48.0,1,1.8294870196174953,2.38403046658355,3.1668159321616876,3.597082734868712,0.3113218682850883,2700,0.9851851851851852,0.784074074074074,0.5133333333333333,0.27
baseline,48.0,2,1.7432485220625467,2.2756797901345744,2.7666937684764723,2.978679551812323,0.281293882066121,2700,0.9777777777777777,0.6714814814814815,0.43407407407407406,0.22481481481481483
baseline,48.0,3,1.7995143323382619,2.3498302863261546,2.880791852030811,3.305800186037246,0.30571867273791736,2700,0.9762962962962963,0.7492592592592593,0.46555555555555556,0.2811111111111111
baseline,48.0,4,1.7582138032592902,2.295980474058526,3.0887739373338032,4.128741524220732,0.2938988088962147,2700,0.9533333333333334,0.707037037037037,0.43407407407407406,0.20703703703703705
baseline,48.0,5,1.7016840289690427,2.28272311726868,3.2671073371556623,3.73481818186432,0.2571075791447952,2700,0.9181481481481482,0.6229629629629629,0.3662962962962963,0.19
baseline,48.0,6,1.7168792160133748,2.1637636215939224,2.864612633761222,3.1656824649035715,0.26581348615820344,2700,0.9737037037037037,0.6859259259259259,0.4011111111111111,0.1985185185185185
baseline,48.0,7,1.7541423541922672,2.211867933841589,2.7127925878986128,3.324637072630301,0.2867073979578569,2700,0.9344444444444444,0.7396296296296296,0.46555555555555556,0.22518518518518518
baseline,6.0,0,1.2031592646244669,1.6445631370613933,1.9923962109666071,2.114665426323763,0.080685662383165,2700,0.2644444444444444,0.1348148148148148,0.07185185185185185,0.009259259259259259
baseline,6.0,1,1.2593106573786472,1.7361869514811925,1.9520101121794509,2.1091811647029157,0.09747090669320416,2700,0.3314814814814815,0.16925925925925925,0.0937037037037037,0.006666666666666667
baseline,6.0,2,1.2053214756826778,1.663187541093052,1.93420614563763,2.203550897092728,0.07727519108224608,2700,0.24925925925925926,0.13814814814814816,0.07666666666666666,0.007407407407407408
baseline,6.0,3,1.355503279023327,1.865970267101556,2.199650243398419,2.419662918078259,0.12667728120948737,2700,0.4388888888888889,0.25296296296296295,0.1559259259259259,0.04925925925925926
baseline,6.0,4,1.2806559298805864,1.7866233710960275,2.5640810396591074,3.282294303832097,0.10324429410577986,2700,0.34074074074074073,0.19555555555555557,0.11074074074074074,0.028148148148148148
baseline,6.0,5,1.1844779060219552,1.5898512926168806,1.9622055259647597,2.1395041818918767,0.06775914390607311,2700,0.2237037037037037,0.11851851851851852,0.06703703703703703,0.006296296296296296
baseline,6.0,6,1.1929636250375222,1.5717462157226676,1.9580087720577584,2.135345531808084,0.07942567008188016,2700,0.19,0.11333333333333333,0.06814814814814815,0.006666666666666667
baseline,6.0,7,1.2109866802982094,1.6692995629174494,2.153285299325367,2.626676374739037,0.08320462962215947,2700,0.2348148148148148,0.13333333333333333,0.08407407407407408,0.020370370370370372
B2,12.0,0,1.1741762661994704,1.663706037837042,1.8876205534640575,1.918738622922904,0.07810060836589378,2700,0.19518518518518518,0.1348148148148148,0.07555555555555556,0.0
B2,12.0,1,1.316451889547732,1.8596302856389684,2.0785904412657668,2.324281047276942,0.12142809318551039,2700,0.37148148148148147,0.2633333333333333,0.16333333333333333,0.02666666666666667
B2,12.0,2,1.287118522648347,1.8451986422487994,2.012331954178004,2.07481957041133,0.10913329353214771,2700,0.3433333333333333,0.24962962962962962,0.15407407407407409,0.012962962962962963
B2,12.0,3,1.3630021731600872,1.8953233714364883,2.2350612395737905,2.9886453412487013,0.13952358250033703,2700,0.42814814814814817,0.3062962962962963,0.17074074074074075,0.04888888888888889
B2,12.0,4,1.2922543485008517,1.8458161962575226,2.2648978721534765,2.797265599987328,0.10361704722765605,2700,0.3474074074074074,0.24851851851851853,0.14962962962962964,0.01962962962962963
B2,12.0,5,1.248635827415043,1.8010295950518134,2.0082919437407756,2.374508479768448,0.09191624693226245,2700,0.28185185185185185,0.20222222222222222,0.12333333333333334,0.01074074074074074
B2,12.0,6,1.2627079315267187,1.7977675577146806,1.9497600458506168,2.0018846646400257,0.1012788417615039,2700,0.3074074074074074,0.22074074074074074,0.12703703703703703,0.00037037037037037035
B2,12.0,7,1.2594576026221225,1.8235922886816824,1.974494943916254,2.053166628451092,0.09984090824963339,2700,0.30074074074074075,0.2114814814814815,0.13185185185185186,0.005555555555555556
B2,24.0,0,1.3981138178548518,1.8970902259571487,2.379034590509614,2.6373389145795554,0.15031731866603773,2700,0.4751851851851852,0.3296296296296296,0.20444444444444446,0.05296296296296296
B2,24.0,1,1.470276421753123,1.9994258962050602,2.5469868667846334,2.898506738066987,0.18418556131274086,2700,0.595925925925926,0.3937037037037037,0.2325925925925926,0.09962962962962962
B2,24.0,2,1.478559509429834,1.9427335649359825,2.595172926136948,2.851665382665046,0.17799090741489582,2700,0.6155555555555555,0.4425925925925926,0.26,0.07296296296296297
B2,24.0,3,1.4607046074853176,1.903554873554368,2.3260393579257865,2.836705110692661,0.17399251538857496,2700,0.6077777777777778,0.41074074074074074,0.2325925925925926,0.0437037037037037
B2,24.0,4,1.44375770242701,1.9189031586454708,2.188867148727249,2.513845866556727,0.16994928855740105,2700,0.6003703703703703,0.38925925925925925,0.23333333333333334,0.052592592592592594
B2,24.0,5,1.3656126061808465,1.8997341969233752,2.3074149251043843,2.632019062743173,0.1369676745544613,2700,0.4451851851851852,0.2948148148148148,0.19148148148148147,0.05555555555555555
B2,24.0,6,1.402027717797531,1.8840577590188405,2.104180919908511,2.3132886194715225,0.15342841613644054,2700,0.5277777777777778,0.3585185185185185,0.2137037037037037,0.02148148148148148
B2,24.0,7,1.4642456838246056,1.9409912420974698,2.4815514387467688,2.790125929281036,0.17376074848195452,2700,0.5766666666666667,0.4074074074074074,0.26925925925925925,0.06925925925925926
B2,48.0,0,1.5797850640877475,2.0002319511489834,2.457069038030426,2.7388075403735512,0.22600824161286773,2700,0.8025925925925926,0.542962962962963,0.3088888888888889,0.10037037037037037
B2,48.0,1,1.7429698529109994,2.153497932902206,2.8737017326198355,3.3375136757734483,0.2803333855311189,2700,0.9292592592592592,0.7281481481481481,0.46925925925925926,0.19555555555555557
B2,48.0,2,1.6440716134748459,2.1022155762340335,2.5429420229953426,3.032389568973304,0.24756833715745322,2700,0.8351851851851851,0.6340740740740741,0.38,0.1451851851851852
B2,48.0,3,1.7269978061351619,2.2506025509380003,2.9752872750455315,3.1746333150660604,0.27659866082417406,2700,0.8970370370370371,0.6681481481481482,0.4537037037037037,0.2048148148148148
B2,48.0,4,1.659373736164691,2.054690368667566,2.472078788778512,3.3241185752967466,0.25891004982834426,2700,0.912962962962963,0.6466666666666666,0.4040740740740741,0.14666666666666667
B2,48.0,5,1.5764040085479805,2.0608404138255514,2.5332801181415303,2.8306409876903222,0.21770680793782757,2700,0.7570370370370371,0.5262962962962963,0.3322222222222222,0.1274074074074074
B2,48.0,6,1.6385123728515512,2.064966917111173,2.7839123069484986,3.235418316167589,0.23434733094670676,2700,0.7944444444444444,0.6077777777777778,0.3877777777777778,0.13518518518518519
B2,48.0,7,1.6129359721100072,2.0300624343976494,2.4523070658020494,2.97635046957288,0.2423294955924288,2700,0.8340740740740741,0.5955555555555555,0.3474074074074074,0.10962962962962963
B2,6.0,0,1.15259334859126,1.6427485319280355,1.9138763802698464,2.0145565646447,0.06096968193902967,2700,0.17148148148148148,0.12851851851851853,0.07185185185185185,0.0011111111111111111
B2,6.0,1,1.2025453194040858,1.7526284277701458,1.9543729870998197,2.070860197403313,0.0775801872771133,2700,0.2337037037037037,0.16592592592592592,0.10148148148148148,0.004074074074074074
B2,6.0,2,1.1661171448003933,1.659036860918112,1.9313583355785244,2.008842898190464,0.06166345260526978,2700,0.18518518518518517,0.12962962962962962,0.07814814814814815,0.0025925925925925925
B2,6.0,3,1.282984255161469,1.8379105327449519,2.0388101971831833,2.251766551543258,0.10213921363688674,2700,0.31703703703703706,0.23555555555555555,0.14962962962962964,0.023333333333333334
B2,6.0,4,1.1971947894328037,1.7437425111679026,2.257291414776001,2.9374271367376985,0.07732524380358755,2700,0.2088888888888889,0.15296296296296297,0.09888888888888889,0.01962962962962963
B2,6.0,5,1.1361375121838835,1.552634528600652,1.912960878034273,1.9725955572795648,0.051307346847060294,2700,0.15296296296296297,0.10851851851851851,0.0637037037037037,0.0
B2,6.0,6,1.1442216129235132,1.5636163574781556,1.926013656946959,1.974168034758572,0.06022269208264729,2700,0.14851851851851852,0.10814814814814815,0.07037037037037037,0.0
B2,6.0,7,1.1552705174706335,1.6079430885304808,1.973509278485798,2.683260344832911,0.06355311162847849,2700,0.15777777777777777,0.1162962962962963,0.07518518518518519,0.009259259259259259
