egap_mean_steady20,egap_p90_steady20,egap_max_steady20,gmax_mean_steady20,gmax_max_steady20,frac_gmax_gt125_steady20,frac_gmax_gt150_steady20,n_samples_steady20,t_last_failure,t_close_125_after_last,t_close_110_after_last,censored_125,censored_110,n_failure_start,n_failure_end,n_pulse_injected,n_dual_pulse_event_completed_saida,n_dual_pulse_event_completed_entrada,n_dual_pulse_self_shift_saida,n_dual_pulse_self_shift_entrada,n_landed_events,dp_seq_max,ent_total,ent_legit_id,ent_spur_id,ent_legit_cnt,ent_spur_cnt,order_swap_frac,effort_mean_v2,sat_frac,fairness_p95,assert_alive_deficit_max,assert_alive_excess_max,assert_tol_s,method,N,radius,range_aa,range_at,c_hops,c_hops_post,fd_timeout,rate_total,off_time,tau_xy,seed,dt,budget,git_commit,git_dirty,experiment_seed,control_period,k_e_tau,composition_mode,num_agents,encirclement_radius,sim_duration,protection_angle_deg,dual_pulse_integration,dual_pulse_delta_scale,dual_pulse_ttl_hops,dual_pulse_t_ff,dual_pulse_multiplicity,dual_pulse_consume_ff_only,communication_delay,communication_failure_rate,communication_range,comm_role_aware_ranges,comm_range_agent_agent,comm_range_agent_target,agent_state_timeout,broadcast_repeats,deterministic_failure_enable,deterministic_failure_agent_id,deterministic_failure_agent_ids,deterministic_failure_time,deterministic_failure_off_time,failure_enable,failure_mean_per_min,experiment_reproducible,vm_tau_xy,vm_max_speed_xy,target_motion_speed_xy,target_swarm_spin_enable,target_swarm_omega_ref,init_radius_range,init_angles_equidistant,ent_legit_ang,ent_spur_ang,ent_ang_undef,ent_W,ent_total_2w,ent_legit_ang_2w,ent_spur_ang_2w,ent_ang_undef_2w,ent_legit_id_2w,ent_spur_id_2w,ent_legit_cnt_2w,ent_spur_cnt_2w,ent_W_2w
0.11073191931685766,0.190676033445736,0.288679238133754,1.2495986308565592,2.1931856890649324,0.35259259259259257,0.12074074074074075,2700,154.79999999999595,inf,inf,True,True,24,22,196,0,0,0,0,0,0,0,0,0,0,0,0.8903225806451613,0.0013511975751174046,0.0,0.31141488556528174,0.0,0.0,0.35,baseline,24,20.0,8.4,200.0,1.608872490863482,1.5422278611818216,0.25,12.0,8.0,1.0,0,0.05,150.0,50d24bb,False,0,0.05,10.416667,sum,24,20.0,155.0,360.0,B2,1.0,72,1.0,True,True,0.0,0.0,200.0,True,8.4,200.0,0.25,2,False,6,6,15.0,-1.0,True,0.5,True,1.0,10.0,0.0,False,0.0,0.0,True,,,,,,,,,,,,,
0.1774178225467562,0.3267128609126119,0.4254575001125065,1.4058605666444381,2.4681460449248283,0.6711111111111111,0.3488888888888889,2700,154.79999999999595,inf,inf,True,True,24,22,376,46,811,6,38,56,18,50,8,42,23,27,0.8903225806451613,0.0035734730711390766,0.0,0.8932050679799106,0.0,0.0,0.35,B2,24,20.0,8.4,200.0,1.608872490863482,1.5422278611818216,0.25,12.0,8.0,1.0,0,0.05,150.0,50d24bb,False,0,0.05,10.416667,sum,24,20.0,155.0,360.0,B2,1.0,72,1.0,True,True,0.0,0.0,200.0,True,8.4,200.0,0.25,2,False,6,6,15.0,-1.0,True,0.5,True,1.0,10.0,0.0,False,0.0,0.0,True,12.0,38.0,0.0,0.75,50.0,14.0,36.0,0.0,9.0,41.0,27.0,23.0,1.5
0.15203801539922593,0.2515044792560706,0.4338521365011303,1.385876062884006,2.637237584911299,0.6337037037037037,0.3037037037037037,2700,153.6999999999959,inf,inf,True,True,29,28,330,0,0,0,0,0,0,0,0,0,0,0,0.47096774193548385,0.0033465820504469264,0.0,0.8999089832415773,0.0,0.0,0.35,baseline,24,20.0,8.4,200.0,1.608872490863482,1.5422278611818216,0.25,12.0,8.0,1.0,1,0.05,150.0,50d24bb,False,1,0.05,10.416667,sum,24,20.0,155.0,360.0,B2,1.0,72,1.0,True,True,0.0,0.0,200.0,True,8.4,200.0,0.25,2,False,6,6,15.0,-1.0,True,0.5,True,1.0,10.0,0.0,False,0.0,0.0,True,,,,,,,,,,,,,
0.3031282324973619,0.40306718893601046,0.5949074833733343,1.6706252647763218,2.742269033499308,0.9618518518518518,0.7855555555555556,2700,153.6999999999959,inf,inf,True,True,29,28,786,60,1120,7,46,82,46,73,6,67,9,64,0.7612903225806451,0.007579728954314555,0.0,0.9097018596552275,0.0,0.0,0.35,B2,24,20.0,8.4,200.0,1.608872490863482,1.5422278611818216,0.25,12.0,8.0,1.0,1,0.05,150.0,50d24bb,False,1,0.05,10.416667,sum,24,20.0,155.0,360.0,B2,1.0,72,1.0,True,True,0.0,0.0,200.0,True,8.4,200.0,0.25,2,False,6,6,15.0,-1.0,True,0.5,True,1.0,10.0,0.0,False,0.0,0.0,True,5.0,68.0,0.0,0.75,73.0,6.0,67.0,0.0,7.0,66.0,15.0,58.0,1.5
0.13884336924203108,0.24844238779642086,0.4029617195673743,1.3406282396418614,2.3243651348347467,0.5562962962962963,0.25037037037037035,2700,147.89999999999588,3.2000000000042235,inf,False,True,29,28,312,0,0,0,0,0,0,0,0,0,0,0,0.1935483870967742,0.0030156836288698003,0.0,0.8869290009379882,0.0,0.0,0.35,baseline,24,20.0,8.4,200.0,1.608872490863482,1.5422278611818216,0.25,12.0,8.0,1.0,2,0.05,150.0,50d24bb,False,2,0.05,10.416667,sum,24,20.0,155.0,360.0,B2,1.0,72,1.0,True,True,0.0,0.0,200.0,True,8.4,200.0,0.25,2,False,6,6,15.0,-1.0,True,0.5,True,1.0,10.0,0.0,False,0.0,0.0,True,,,,,,,,,,,,,
0.28227819859695696,0.5451451263598927,1.034496364891143,1.694224455943557,5.1438512652920005,0.794074074074074,0.5955555555555555,2700,147.89999999999588,inf,inf,True,True,29,28,604,15,727,15,56,95,32,80,4,76,24,56,0.6967741935483871,0.010654500380076065,0.0,0.9142452824283528,0.0,0.0,0.35,B2,24,20.0,8.4,200.0,1.608872490863482,1.5422278611818216,0.25,12.0,8.0,1.0,2,0.05,150.0,50d24bb,False,2,0.05,10.416667,sum,24,20.0,155.0,360.0,B2,1.0,72,1.0,True,True,0.0,0.0,200.0,True,8.4,200.0,0.25,2,False,6,6,15.0,-1.0,True,0.5,True,1.0,10.0,0.0,False,0.0,0.0,True,7.0,73.0,1.0,0.75,80.0,7.0,73.0,1.0,5.0,75.0,29.0,51.0,1.5
0.17424576636406316,0.2586717666613006,0.5043136550699038,1.4557786326049478,3.2133407389176014,0.7366666666666667,0.36666666666666664,2700,150.39999999999574,inf,inf,True,True,38,37,420,0,0,0,0,0,0,0,0,0,0,0,0.8580645161290322,0.0038967365852377897,0.0,0.8981604017755621,0.0,0.0,0.35,baseline,24,20.0,8.4,200.0,1.608872490863482,1.5422278611818216,0.25,12.0,8.0,1.0,3,0.05,150.0,50d24bb,False,3,0.05,10.416667,sum,24,20.0,155.0,360.0,B2,1.0,72,1.0,True,True,0.0,0.0,200.0,True,8.4,200.0,0.25,2,False,6,6,15.0,-1.0,True,0.5,True,1.0,10.0,0.0,False,0.0,0.0,True,,,,,,,,,,,,,
0.3001778695024609,0.4237031299138104,0.9950832463317956,1.7449382156724886,4.803698204055208,0.9814814814814815,0.6662962962962963,2700,150.39999999999574,inf,inf,True,True,38,37,672,3,1184,9,69,97,35,88,8,80,26,62,0.8580645161290322,0.00847033753679997,0.0,0.9049212377242772,0.0,0.0,0.35,B2,24,20.0,8.4,200.0,1.608872490863482,1.5422278611818216,0.25,12.0,8.0,1.0,3,0.05,150.0,50d24bb,False,3,0.05,10.416667,sum,24,20.0,155.0,360.0,B2,1.0,72,1.0,True,True,0.0,0.0,200.0,True,8.4,200.0,0.25,2,False,6,6,15.0,-1.0,True,0.5,True,1.0,10.0,0.0,False,0.0,0.0,True,14.0,74.0,0.0,0.75,88.0,15.0,73.0,0.0,8.0,80.0,36.0,52.0,1.5
0.13333167049941766,0.24179837770050552,0.5259672921790017,1.3412777419003423,3.131756124108453,0.4762962962962963,0.22592592592592592,2700,153.19999999999604,inf,inf,True,True,31,26,275,0,0,0,0,0,0,0,0,0,0,0,0.05806451612903226,0.0025687746395532994,0.0,0.7359020854688952,0.0,0.0,0.35,baseline,24,20.0,8.4,200.0,1.608872490863482,1.5422278611818216,0.25,12.0,8.0,1.0,4,0.05,150.0,50d24bb,False,4,0.05,10.416667,sum,24,20.0,155.0,360.0,B2,1.0,72,1.0,True,True,0.0,0.0,200.0,True,8.4,200.0,0.25,2,False,6,6,15.0,-1.0,True,0.5,True,1.0,10.0,0.0,False,0.0,0.0,True,,,,,,,,,,,,,
0.1916872983810825,0.33057992208391246,0.5025026220557918,1.465096559348973,3.019252111558811,0.7359259259259259,0.4151851851851852,2700,153.19999999999604,inf,inf,True,True,31,26,418,64,806,8,41,58,16,50,6,44,19,31,0.5935483870967742,0.004815671948356802,0.0,0.8998476703553274,0.0,0.0,0.35,B2,24,20.0,8.4,200.0,1.608872490863482,1.5422278611818216,0.25,12.0,8.0,1.0,4,0.05,150.0,50d24bb,False,4,0.05,10.416667,sum,24,20.0,155.0,360.0,B2,1.0,72,1.0,True,True,0.0,0.0,200.0,True,8.4,200.0,0.25,2,False,6,6,15.0,-1.0,True,0.5,True,1.0,10.0,0.0,False,0.0,0.0,True,13.0,37.0,0.0,0.75,50.0,14.0,36.0,0.0,7.0,43.0,25.0,25.0,1.5
0.1187834252736073,0.20648269947894676,0.3495717857808165,1.30677874961344,2.190541378329572,0.4737037037037037,0.20407407407407407,2700,149.5999999999958,3.250000000004718,inf,False,True,21,19,180,0,0,0,0,0,0,0,0,0,0,0,0.3741935483870968,0.0017673024642645542,0.0,0.2908600174307031,0.0,0.0,0.35,baseline,24,20.0,8.4,200.0,1.608872490863482,1.5422278611818216,0.25,12.0,8.0,1.0,5,0.05,150.0,50d24bb,False,5,0.05,10.416667,sum,24,20.0,155.0,360.0,B2,1.0,72,1.0,True,True,0.0,0.0,200.0,True,8.4,200.0,0.25,2,False,6,6,15.0,-1.0,True,0.5,True,1.0,10.0,0.0,False,0.0,0.0,True,,,,,,,,,,,,,
0.1639294885145851,0.29799970710294343,0.4681412446637988,1.4035385503662623,2.6275316216197995,0.63,0.3425925925925926,2700,149.5999999999958,inf,inf,True,True,21,19,312,0,748,0,37,45,17,45,10,35,16,29,0.4258064516129032,0.003134345402337762,0.0,0.8948913074814048,0.0,0.0,0.35,B2,24,20.0,8.4,200.0,1.608872490863482,1.5422278611818216,0.25,12.0,8.0,1.0,5,0.05,150.0,50d24bb,False,5,0.05,10.416667,sum,24,20.0,155.0,360.0,B2,1.0,72,1.0,True,True,0.0,0.0,200.0,True,8.4,200.0,0.25,2,False,6,6,15.0,-1.0,True,0.5,True,1.0,10.0,0.0,False,0.0,0.0,True,12.0,33.0,1.0,0.75,45.0,12.0,33.0,1.0,10.0,35.0,20.0,25.0,1.5
0.12881640893426013,0.20518566012294023,0.3049881702779704,1.3276840350926682,2.2228524076001834,0.5081481481481481,0.2174074074074074,2700,154.19999999999553,inf,inf,True,True,25,23,230,0,0,0,0,0,0,0,0,0,0,0,0.3096774193548387,0.001961308693942393,0.0,0.3821908139224358,0.0,0.0,0.35,baseline,24,20.0,8.4,200.0,1.608872490863482,1.5422278611818216,0.25,12.0,8.0,1.0,6,0.05,150.0,50d24bb,False,6,0.05,10.416667,sum,24,20.0,155.0,360.0,B2,1.0,72,1.0,True,True,0.0,0.0,200.0,True,8.4,200.0,0.25,2,False,6,6,15.0,-1.0,True,0.5,True,1.0,10.0,0.0,False,0.0,0.0,True,,,,,,,,,,,,,
0.2457238252420854,0.32429121340023764,0.5219006147407742,1.5847806708803027,3.0740797345742057,0.9203703703703704,0.5544444444444444,2700,154.19999999999553,inf,inf,True,True,25,23,464,44,944,4,45,67,24,63,10,53,19,44,0.8774193548387097,0.004617268555030039,0.0,0.8987569221370154,0.0,0.0,0.35,B2,24,20.0,8.4,200.0,1.608872490863482,1.5422278611818216,0.25,12.0,8.0,1.0,6,0.05,150.0,50d24bb,False,6,0.05,10.416667,sum,24,20.0,155.0,360.0,B2,1.0,72,1.0,True,True,0.0,0.0,200.0,True,8.4,200.0,0.25,2,False,6,6,15.0,-1.0,True,0.5,True,1.0,10.0,0.0,False,0.0,0.0,True,13.0,50.0,0.0,0.75,63.0,13.0,50.0,0.0,10.0,53.0,25.0,38.0,1.5
0.13959121096696778,0.22822304410443858,0.3835073579596813,1.3473338899007696,2.407668838821579,0.5085185185185185,0.23,2700,153.59999999999602,inf,inf,True,True,27,23,242,0,0,0,0,0,0,0,0,0,0,0,0.6516129032258065,0.002339879087901619,0.0,0.8367365230213525,0.0,0.0,0.35,baseline,24,20.0,8.4,200.0,1.608872490863482,1.5422278611818216,0.25,12.0,8.0,1.0,7,0.05,150.0,50d24bb,False,7,0.05,10.416667,sum,24,20.0,155.0,360.0,B2,1.0,72,1.0,True,True,0.0,0.0,200.0,True,8.4,200.0,0.25,2,False,6,6,15.0,-1.0,True,0.5,True,1.0,10.0,0.0,False,0.0,0.0,True,,,,,,,,,,,,,
0.2792074278849846,0.38399197009475,0.5052272349824785,1.6488388006335077,2.8256570702097523,0.932962962962963,0.747037037037037,2700,153.59999999999602,inf,inf,True,True,27,23,632,22,985,2,41,64,38,62,11,51,24,38,0.7096774193548387,0.006187957958599486,0.0,0.9066268768473599,0.0,0.0,0.35,B2,24,20.0,8.4,200.0,1.608872490863482,1.5422278611818216,0.25,12.0,8.0,1.0,7,0.05,150.0,50d24bb,False,7,0.05,10.416667,sum,24,20.0,155.0,360.0,B2,1.0,72,1.0,True,True,0.0,0.0,200.0,True,8.4,200.0,0.25,2,False,6,6,15.0,-1.0,True,0.5,True,1.0,10.0,0.0,False,0.0,0.0,True,14.0,48.0,0.0,0.75,62.0,14.0,48.0,0.0,11.0,51.0,26.0,36.0,1.5
0.10714212312795943,0.19918493116249925,0.2979308892136096,1.2540429481006399,2.144607227808365,0.37592592592592594,0.14296296296296296,2700,154.79999999999595,0.0,inf,False,True,24,22,183,0,0,0,0,0,0,0,0,0,0,0,0.8516129032258064,0.001372763004019297,0.0,0.2792377547250509,0.0,0.0,1.1,baseline,24,20.0,8.4,200.0,1.608872490863482,1.5422278611818216,1.0,12.0,8.0,1.0,0,0.05,150.0,50d24bb,False,0,0.05,10.416667,sum,24,20.0,155.0,360.0,B2,1.0,72,1.0,True,True,0.0,0.0,200.0,True,8.4,200.0,1.0,2,False,6,6,15.0,-1.0,True,0.5,True,1.0,10.0,0.0,False,0.0,0.0,True,,,,,,,,,,,,,
0.15196264242428278,0.31051214925005693,0.409203768258475,1.3696605668632262,2.371599103299458,0.5918518518518519,0.32296296296296295,2700,154.79999999999595,inf,inf,True,True,24,22,282,22,728,4,33,46,13,41,6,35,23,18,0.8903225806451613,0.00280967465178342,0.0,0.8635300025524562,0.0,0.0,1.1,B2,24,20.0,8.4,200.0,1.608872490863482,1.5422278611818216,1.0,12.0,8.0,1.0,0,0.05,150.0,50d24bb,False,0,0.05,10.416667,sum,24,20.0,155.0,360.0,B2,1.0,72,1.0,True,True,0.0,0.0,200.0,True,8.4,200.0,1.0,2,False,6,6,15.0,-1.0,True,0.5,True,1.0,10.0,0.0,False,0.0,0.0,True,9.0,32.0,0.0,1.5,41.0,10.0,31.0,0.0,6.0,35.0,30.0,11.0,3.0
0.15089092309048288,0.2680024101520637,0.450177012658303,1.4050835592146085,2.69965801063242,0.6051851851851852,0.34444444444444444,2700,153.6999999999959,inf,inf,True,True,29,28,248,0,0,0,0,0,0,0,0,0,0,0,0.6967741935483871,0.0030705274934335826,0.0,0.9010291300048442,0.0,0.0,1.1,baseline,24,20.0,8.4,200.0,1.608872490863482,1.5422278611818216,1.0,12.0,8.0,1.0,1,0.05,150.0,50d24bb,False,1,0.05,10.416667,sum,24,20.0,155.0,360.0,B2,1.0,72,1.0,True,True,0.0,0.0,200.0,True,8.4,200.0,1.0,2,False,6,6,15.0,-1.0,True,0.5,True,1.0,10.0,0.0,False,0.0,0.0,True,,,,,,,,,,,,,
0.23656870982235723,0.317762788279442,0.4497314349272585,1.5641227410914356,2.597287324040216,0.882962962962963,0.6107407407407407,2700,153.6999999999959,inf,inf,True,True,29,28,352,43,649,2,33,39,25,37,7,30,19,18,0.6387096774193548,0.0043855832878350745,0.0,0.8955235753543024,0.0,0.0,1.1,B2,24,20.0,8.4,200.0,1.608872490863482,1.5422278611818216,1.0,12.0,8.0,1.0,1,0.05,150.0,50d24bb,False,1,0.05,10.416667,sum,24,20.0,155.0,360.0,B2,1.0,72,1.0,True,True,0.0,0.0,200.0,True,8.4,200.0,1.0,2,False,6,6,15.0,-1.0,True,0.5,True,1.0,10.0,0.0,False,0.0,0.0,True,8.0,29.0,0.0,1.5,37.0,8.0,29.0,0.0,7.0,30.0,26.0,11.0,3.0
0.138187711981174,0.2544447182113414,0.3787130361032741,1.3599054611506678,2.0946442850449944,0.5681481481481482,0.3085185185185185,2700,147.89999999999588,3.950000000004394,inf,False,True,29,28,266,0,0,0,0,0,0,0,0,0,0,0,0.2,0.002779870484132569,0.0,0.4314285816858513,0.0,0.0,1.1,baseline,24,20.0,8.4,200.0,1.608872490863482,1.5422278611818216,1.0,12.0,8.0,1.0,2,0.05,150.0,50d24bb,False,2,0.05,10.416667,sum,24,20.0,155.0,360.0,B2,1.0,72,1.0,True,True,0.0,0.0,200.0,True,8.4,200.0,1.0,2,False,6,6,15.0,-1.0,True,0.5,True,1.0,10.0,0.0,False,0.0,0.0,True,,,,,,,,,,,,,
0.2169176061122966,0.35454832363019734,0.4682775094262578,1.559531830913552,2.842508457868384,0.7948148148148149,0.5322222222222223,2700,147.89999999999588,inf,inf,True,True,29,28,420,32,557,5,25,38,18,32,7,25,12,20,0.5225806451612903,0.005094476367441321,0.0,0.9085955967038764,0.0,0.0,1.1,B2,24,20.0,8.4,200.0,1.608872490863482,1.5422278611818216,1.0,12.0,8.0,1.0,2,0.05,150.0,50d24bb,False,2,0.05,10.416667,sum,24,20.0,155.0,360.0,B2,1.0,72,1.0,True,True,0.0,0.0,200.0,True,8.4,200.0,1.0,2,False,6,6,15.0,-1.0,True,0.5,True,1.0,10.0,0.0,False,0.0,0.0,True,8.0,24.0,0.0,1.5,32.0,8.0,24.0,0.0,7.0,25.0,17.0,15.0,3.0
0.17551838862092295,0.2758822287110679,0.3876017080260266,1.4720475356954754,2.456043760993848,0.7522222222222222,0.4062962962962963,2700,150.39999999999574,4.250000000005173,inf,False,True,38,37,336,0,0,0,0,0,0,0,0,0,0,0,0.8580645161290322,0.003586882659588799,0.0,0.8139315684283649,0.0,0.0,1.1,baseline,24,20.0,8.4,200.0,1.608872490863482,1.5422278611818216,1.0,12.0,8.0,1.0,3,0.05,150.0,50d24bb,False,3,0.05,10.416667,sum,24,20.0,155.0,360.0,B2,1.0,72,1.0,True,True,0.0,0.0,200.0,True,8.4,200.0,1.0,2,False,6,6,15.0,-1.0,True,0.5,True,1.0,10.0,0.0,False,0.0,0.0,True,,,,,,,,,,,,,
0.2634076181212239,0.4177263506104927,0.7781842754579226,1.6916309366008413,3.868145357931535,0.9474074074074074,0.6488888888888888,2700,150.39999999999574,inf,inf,True,True,38,37,488,65,818,13,46,68,25,55,11,44,34,21,0.8580645161290322,0.009229436098375171,0.0,0.9159430342173099,0.0,0.0,1.1,B2,24,20.0,8.4,200.0,1.608872490863482,1.5422278611818216,1.0,12.0,8.0,1.0,3,0.05,150.0,50d24bb,False,3,0.05,10.416667,sum,24,20.0,155.0,360.0,B2,1.0,72,1.0,True,True,0.0,0.0,200.0,True,8.4,200.0,1.0,2,False,6,6,15.0,-1.0,True,0.5,True,1.0,10.0,0.0,False,0.0,0.0,True,16.0,39.0,0.0,1.5,55.0,16.0,39.0,0.0,12.0,43.0,39.0,16.0,3.0
0.13265872789289596,0.24507845844908216,0.5239576354754201,1.3565416839589808,3.1495077641350933,0.4888888888888889,0.2825925925925926,2700,153.19999999999604,inf,inf,True,True,31,26,210,0,0,0,0,0,0,0,0,0,0,0,0.432258064516129,0.0022697959437363033,0.0,0.4910480208476451,0.0,0.0,1.1,baseline,24,20.0,8.4,200.0,1.608872490863482,1.5422278611818216,1.0,12.0,8.0,1.0,4,0.05,150.0,50d24bb,False,4,0.05,10.416667,sum,24,20.0,155.0,360.0,B2,1.0,72,1.0,True,True,0.0,0.0,200.0,True,8.4,200.0,1.0,2,False,6,6,15.0,-1.0,True,0.5,True,1.0,10.0,0.0,False,0.0,0.0,True,,,,,,,,,,,,,
0.18623942385885758,0.3203491027736396,0.4311260732144479,1.4863081820090223,2.6081672145166297,0.7551851851851852,0.44555555555555554,2700,153.19999999999604,inf,inf,True,True,31,26,338,21,657,0,33,38,13,37,11,26,20,17,0.432258064516129,0.0041094208120428626,0.0,0.8959178517949482,0.0,0.0,1.1,B2,24,20.0,8.4,200.0,1.608872490863482,1.5422278611818216,1.0,12.0,8.0,1.0,4,0.05,150.0,50d24bb,False,4,0.05,10.416667,sum,24,20.0,155.0,360.0,B2,1.0,72,1.0,True,True,0.0,0.0,200.0,True,8.4,200.0,1.0,2,False,6,6,15.0,-1.0,True,0.5,True,1.0,10.0,0.0,False,0.0,0.0,True,12.0,25.0,0.0,1.5,37.0,12.0,25.0,0.0,11.0,26.0,24.0,13.0,3.0
0.11901374949189922,0.2194350576125106,0.37212890911311,1.3162660302736213,2.333498462989686,0.4662962962962963,0.2111111111111111,2700,149.5999999999958,3.9500000000049056,inf,False,True,21,19,149,0,0,0,0,0,0,0,0,0,0,0,0.43870967741935485,0.0018200025634287108,0.0,0.8299129268149502,0.0,0.0,1.1,baseline,24,20.0,8.4,200.0,1.608872490863482,1.5422278611818216,1.0,12.0,8.0,1.0,5,0.05,150.0,50d24bb,False,5,0.05,10.416667,sum,24,20.0,155.0,360.0,B2,1.0,72,1.0,True,True,0.0,0.0,200.0,True,8.4,200.0,1.0,2,False,6,6,15.0,-1.0,True,0.5,True,1.0,10.0,0.0,False,0.0,0.0,True,,,,,,,,,,,,,
0.14237501681429693,0.21697652344545149,0.3549045224670797,1.3306191623630037,2.4323517859145687,0.5203703703703704,0.18814814814814815,2700,149.5999999999958,inf,inf,True,True,21,19,151,66,518,2,25,29,5,26,9,17,15,11,0.5225806451612903,0.0023810261076243474,0.0,0.31265421298956225,0.0,0.0,1.1,B2,24,20.0,8.4,200.0,1.608872490863482,1.5422278611818216,1.0,12.0,8.0,1.0,5,0.05,150.0,50d24bb,False,5,0.05,10.416667,sum,24,20.0,155.0,360.0,B2,1.0,72,1.0,True,True,0.0,0.0,200.0,True,8.4,200.0,1.0,2,False,6,6,15.0,-1.0,True,0.5,True,1.0,10.0,0.0,False,0.0,0.0,True,11.0,15.0,1.0,1.5,26.0,11.0,15.0,1.0,10.0,16.0,17.0,9.0,3.0
0.12127234412596408,0.20335846089590004,0.2943567421979604,1.3179337569391565,2.17447162955332,0.5051851851851852,0.20296296296296296,2700,154.19999999999553,0.30000000000535465,inf,False,True,25,23,169,0,0,0,0,0,0,0,0,0,0,0,0.7806451612903226,0.00162198514842891,0.0,0.2828991634673305,0.0,0.0,1.1,baseline,24,20.0,8.4,200.0,1.608872490863482,1.5422278611818216,1.0,12.0,8.0,1.0,6,0.05,150.0,50d24bb,False,6,0.05,10.416667,sum,24,20.0,155.0,360.0,B2,1.0,72,1.0,True,True,0.0,0.0,200.0,True,8.4,200.0,1.0,2,False,6,6,15.0,-1.0,True,0.5,True,1.0,10.0,0.0,False,0.0,0.0,True,,,,,,,,,,,,,
0.2588703196914029,0.47106935321641163,0.6231139653669164,1.6826146612262076,2.966751699100581,0.8496296296296296,0.5877777777777777,2700,154.19999999999553,inf,inf,True,True,25,23,420,2,662,6,29,42,26,36,4,32,17,19,0.8709677419354839,0.007166332164812576,0.0,0.9203013958012674,0.0,0.0,1.1,B2,24,20.0,8.4,200.0,1.608872490863482,1.5422278611818216,1.0,12.0,8.0,1.0,6,0.05,150.0,50d24bb,False,6,0.05,10.416667,sum,24,20.0,155.0,360.0,B2,1.0,72,1.0,True,True,0.0,0.0,200.0,True,8.4,200.0,1.0,2,False,6,6,15.0,-1.0,True,0.5,True,1.0,10.0,0.0,False,0.0,0.0,True,10.0,26.0,0.0,1.5,36.0,10.0,26.0,0.0,4.0,32.0,21.0,15.0,3.0
0.1329123494192603,0.23001104939245254,0.3577642882035693,1.3355697749383357,2.392880511738332,0.46370370370370373,0.23555555555555555,2700,153.59999999999602,inf,inf,True,True,27,23,191,0,0,0,0,0,0,0,0,0,0,0,0.6516129032258065,0.0019708391629719804,0.0,0.4845982669989557,0.0,0.0,1.1,baseline,24,20.0,8.4,200.0,1.608872490863482,1.5422278611818216,1.0,12.0,8.0,1.0,7,0.05,150.0,50d24bb,False,7,0.05,10.416667,sum,24,20.0,155.0,360.0,B2,1.0,72,1.0,True,True,0.0,0.0,200.0,True,8.4,200.0,1.0,2,False,6,6,15.0,-1.0,True,0.5,True,1.0,10.0,0.0,False,0.0,0.0,True,,,,,,,,,,,,,
0.1681190975269736,0.27947643227713764,0.3978654113705256,1.4340746706912866,2.499148316904462,0.7188888888888889,0.3433333333333333,2700,153.59999999999602,inf,inf,True,True,27,23,245,0,738,2,37,43,12,41,13,28,21,20,0.6516129032258065,0.0029051547827175957,0.0,0.5522462041676827,0.0,0.0,1.1,B2,24,20.0,8.4,200.0,1.608872490863482,1.5422278611818216,1.0,12.0,8.0,1.0,7,0.05,150.0,50d24bb,False,7,0.05,10.416667,sum,24,20.0,155.0,360.0,B2,1.0,72,1.0,True,True,0.0,0.0,200.0,True,8.4,200.0,1.0,2,False,6,6,15.0,-1.0,True,0.5,True,1.0,10.0,0.0,False,0.0,0.0,True,17.0,24.0,0.0,1.5,41.0,17.0,24.0,0.0,13.0,28.0,26.0,15.0,3.0
0.09949051120451124,0.18468794842601222,0.267303253517914,1.226339731110389,2.086342841548636,0.2785185185185185,0.12111111111111111,2700,154.79999999999595,inf,inf,True,True,24,22,107,0,0,0,0,0,0,0,0,0,0,0,0.8451612903225807,0.0007872434273102463,0.0,0.2466992175811531,0.0,0.0,0.35,baseline,24,20.0,10.4,200.0,1.9919373696405014,1.9094249709870175,0.25,12.0,8.0,1.0,0,0.05,150.0,50d24bb,False,0,0.05,10.416667,sum,24,20.0,155.0,360.0,B2,1.0,72,1.0,True,True,0.0,0.0,200.0,True,10.4,200.0,0.25,2,False,6,6,15.0,-1.0,True,0.5,True,1.0,10.0,0.0,False,0.0,0.0,True,,,,,,,,,,,,,
0.18148699672613447,0.2676631977894249,0.363628098962852,1.4110306749457553,2.5805147537075723,0.7062962962962963,0.2840740740740741,2700,154.79999999999595,inf,inf,True,True,24,22,140,185,754,14,39,54,9,40,15,25,27,13,0.8129032258064516,0.0016267883994649157,0.0,0.22259405291273673,0.0,0.0,0.35,B2,24,20.0,10.4,200.0,1.9919373696405014,1.9094249709870175,0.25,12.0,8.0,1.0,0,0.05,150.0,50d24bb,False,0,0.05,10.416667,sum,24,20.0,155.0,360.0,B2,1.0,72,1.0,True,True,0.0,0.0,200.0,True,10.4,200.0,0.25,2,False,6,6,15.0,-1.0,True,0.5,True,1.0,10.0,0.0,False,0.0,0.0,True,21.0,19.0,0.0,0.75,40.0,21.0,19.0,0.0,15.0,25.0,27.0,13.0,1.5
0.13962546987777769,0.2449748864638179,0.4304509155439003,1.3578062595140044,2.527173567675028,0.5155555555555555,0.2737037037037037,2700,153.6999999999959,inf,inf,True,True,29,28,152,0,0,0,0,0,0,0,0,0,0,0,0.33548387096774196,0.0016864885504910244,0.0,0.3088126560382406,0.0,0.0,0.35,baseline,24,20.0,10.4,200.0,1.9919373696405014,1.9094249709870175,0.25,12.0,8.0,1.0,1,0.05,150.0,50d24bb,False,1,0.05,10.416667,sum,24,20.0,155.0,360.0,B2,1.0,72,1.0,True,True,0.0,0.0,200.0,True,10.4,200.0,0.25,2,False,6,6,15.0,-1.0,True,0.5,True,1.0,10.0,0.0,False,0.0,0.0,True,,,,,,,,,,,,,
0.1745365928189665,0.27263901111419886,0.3641812655984496,1.3893830883439384,2.405757484951664,0.654074074074074,0.2822222222222222,2700,153.6999999999959,inf,inf,True,True,29,28,137,290,732,16,39,55,10,39,17,22,28,11,0.7612903225806451,0.002456675884263924,0.0,0.28000590367577344,0.0,0.0,0.35,B2,24,20.0,10.4,200.0,1.9919373696405014,1.9094249709870175,0.25,12.0,8.0,1.0,1,0.05,150.0,50d24bb,False,1,0.05,10.416667,sum,24,20.0,155.0,360.0,B2,1.0,72,1.0,True,True,0.0,0.0,200.0,True,10.4,200.0,0.25,2,False,6,6,15.0,-1.0,True,0.5,True,1.0,10.0,0.0,False,0.0,0.0,True,25.0,14.0,0.0,0.75,39.0,26.0,13.0,0.0,18.0,21.0,30.0,9.0,1.5
0.12952061562510486,0.23214118167455616,0.3957203598077047,1.3281016948001938,2.300485646613774,0.4988888888888889,0.22740740740740742,2700,147.89999999999588,3.250000000004235,inf,False,True,29,28,143,0,0,0,0,0,0,0,0,0,0,0,0.1935483870967742,0.001456946117726987,0.0,0.2973205928888829,0.0,0.0,0.35,baseline,24,20.0,10.4,200.0,1.9919373696405014,1.9094249709870175,0.25,12.0,8.0,1.0,2,0.05,150.0,50d24bb,False,2,0.05,10.416667,sum,24,20.0,155.0,360.0,B2,1.0,72,1.0,True,True,0.0,0.0,200.0,True,10.4,200.0,0.25,2,False,6,6,15.0,-1.0,True,0.5,True,1.0,10.0,0.0,False,0.0,0.0,True,,,,,,,,,,,,,
0.19972836647331144,0.31555939345619893,0.4616461148877475,1.4751840343856395,2.700431898444025,0.7737037037037037,0.4451851851851852,2700,147.89999999999588,inf,inf,True,True,29,28,167,209,711,13,36,49,13,36,10,26,21,15,0.5225806451612903,0.0025297333254771536,0.0,0.3015492420114126,0.0,0.0,0.35,B2,24,20.0,10.4,200.0,1.9919373696405014,1.9094249709870175,0.25,12.0,8.0,1.0,2,0.05,150.0,50d24bb,False,2,0.05,10.416667,sum,24,20.0,155.0,360.0,B2,1.0,72,1.0,True,True,0.0,0.0,200.0,True,10.4,200.0,0.25,2,False,6,6,15.0,-1.0,True,0.5,True,1.0,10.0,0.0,False,0.0,0.0,True,18.0,18.0,0.0,0.75,36.0,19.0,17.0,0.0,11.0,25.0,25.0,11.0,1.5
0.15945581689412228,0.24624721465486643,0.3666452175609188,1.4091088306065882,2.293528271512081,0.67,0.29962962962962963,2700,150.39999999999574,3.500000000005002,inf,False,True,38,37,197,0,0,0,0,0,0,0,0,0,0,0,0.6516129032258065,0.001904737547282224,0.0,0.32507754992854043,0.0,0.0,0.35,baseline,24,20.0,10.4,200.0,1.9919373696405014,1.9094249709870175,0.25,12.0,8.0,1.0,3,0.05,150.0,50d24bb,False,3,0.05,10.416667,sum,24,20.0,155.0,360.0,B2,1.0,72,1.0,True,True,0.0,0.0,200.0,True,10.4,200.0,0.25,2,False,6,6,15.0,-1.0,True,0.5,True,1.0,10.0,0.0,False,0.0,0.0,True,,,,,,,,,,,,,
0.2538825107520114,0.38289853928505047,0.4875357970083245,1.5470692970026858,2.7314001883953747,0.8214814814814815,0.5170370370370371,2700,150.39999999999574,inf,inf,True,True,38,37,235,312,1091,19,55,76,11,57,25,32,32,25,0.45806451612903226,0.003266040262910112,0.0,0.6546091811595703,0.0,0.0,0.35,B2,24,20.0,10.4,200.0,1.9919373696405014,1.9094249709870175,0.25,12.0,8.0,1.0,3,0.05,150.0,50d24bb,False,3,0.05,10.416667,sum,24,20.0,155.0,360.0,B2,1.0,72,1.0,True,True,0.0,0.0,200.0,True,10.4,200.0,0.25,2,False,6,6,15.0,-1.0,True,0.5,True,1.0,10.0,0.0,False,0.0,0.0,True,27.0,30.0,0.0,0.75,57.0,30.0,27.0,0.0,27.0,30.0,39.0,18.0,1.5
0.12848498831994248,0.246384522563887,0.5155946418220114,1.3386091030129545,3.079884291750718,0.4437037037037037,0.2518518518518518,2700,153.19999999999604,inf,inf,True,True,31,26,166,0,0,0,0,0,0,0,0,0,0,0,0.05806451612903226,0.0014900262510763303,0.0,0.30000861241979543,0.0,0.0,0.35,baseline,24,20.0,10.4,200.0,1.9919373696405014,1.9094249709870175,0.25,12.0,8.0,1.0,4,0.05,150.0,50d24bb,False,4,0.05,10.416667,sum,24,20.0,155.0,360.0,B2,1.0,72,1.0,True,True,0.0,0.0,200.0,True,10.4,200.0,0.25,2,False,6,6,15.0,-1.0,True,0.5,True,1.0,10.0,0.0,False,0.0,0.0,True,,,,,,,,,,,,,
0.17502346710589045,0.30498642551737104,0.6082373641152923,1.4305738518003444,2.9916556125743785,0.6396296296296297,0.35444444444444445,2700,153.19999999999604,inf,inf,True,True,31,26,170,206,738,13,37,53,8,40,16,24,26,14,0.43870967741935485,0.002284503858809154,0.0,0.30559517093580163,0.0,0.0,0.35,B2,24,20.0,10.4,200.0,1.9919373696405014,1.9094249709870175,0.25,12.0,8.0,1.0,4,0.05,150.0,50d24bb,False,4,0.05,10.416667,sum,24,20.0,155.0,360.0,B2,1.0,72,1.0,True,True,0.0,0.0,200.0,True,10.4,200.0,0.25,2,False,6,6,15.0,-1.0,True,0.5,True,1.0,10.0,0.0,False,0.0,0.0,True,21.0,19.0,0.0,0.75,40.0,21.0,19.0,0.0,16.0,24.0,30.0,10.0,1.5
0.112877678987394,0.20056744485434802,0.3709292097538317,1.2995346645008397,2.45842602471296,0.4088888888888889,0.21222222222222223,2700,149.5999999999958,3.100000000004684,inf,False,True,21,19,112,0,0,0,0,0,0,0,0,0,0,0,0.3741935483870968,0.000917249121911989,0.0,0.2173091734611683,0.0,0.0,0.35,baseline,24,20.0,10.4,200.0,1.9919373696405014,1.9094249709870175,0.25,12.0,8.0,1.0,5,0.05,150.0,50d24bb,False,5,0.05,10.416667,sum,24,20.0,155.0,360.0,B2,1.0,72,1.0,True,True,0.0,0.0,200.0,True,10.4,200.0,0.25,2,False,6,6,15.0,-1.0,True,0.5,True,1.0,10.0,0.0,False,0.0,0.0,True,,,,,,,,,,,,,
0.1344637408248587,0.21270536555615197,0.30649239512978,1.3286226271491122,2.285518534745207,0.5588888888888889,0.2011111111111111,2700,149.5999999999958,inf,inf,True,True,21,19,101,211,585,11,28,41,7,29,10,19,16,13,0.4258064516129032,0.0018625683171387215,0.0,0.21497509666844755,0.0,0.0,0.35,B2,24,20.0,10.4,200.0,1.9919373696405014,1.9094249709870175,0.25,12.0,8.0,1.0,5,0.05,150.0,50d24bb,False,5,0.05,10.416667,sum,24,20.0,155.0,360.0,B2,1.0,72,1.0,True,True,0.0,0.0,200.0,True,10.4,200.0,0.25,2,False,6,6,15.0,-1.0,True,0.5,True,1.0,10.0,0.0,False,0.0,0.0,True,15.0,14.0,0.0,0.75,29.0,19.0,10.0,0.0,13.0,16.0,21.0,8.0,1.5
0.11904090561541399,0.19695870327290296,0.3033034473971021,1.3067967735382047,2.186615593109559,0.4274074074074074,0.18555555555555556,2700,154.19999999999553,inf,inf,True,True,25,23,118,0,0,0,0,0,0,0,0,0,0,0,0.0,0.0009890572511092495,0.0,0.21361951138586124,0.0,0.0,0.35,baseline,24,20.0,10.4,200.0,1.9919373696405014,1.9094249709870175,0.25,12.0,8.0,1.0,6,0.05,150.0,50d24bb,False,6,0.05,10.416667,sum,24,20.0,155.0,360.0,B2,1.0,72,1.0,True,True,0.0,0.0,200.0,True,10.4,200.0,0.25,2,False,6,6,15.0,-1.0,True,0.5,True,1.0,10.0,0.0,False,0.0,0.0,True,,,,,,,,,,,,,
0.20777047001792906,0.2921625327429557,0.3948787883213558,1.4696475923762764,2.4598283017938605,0.8044444444444444,0.3788888888888889,2700,154.19999999999553,inf,inf,True,True,25,23,127,232,762,12,39,53,8,40,15,25,20,20,0.8774193548387097,0.0028091226673642934,0.0,0.28637960752374697,0.0,0.0,0.35,B2,24,20.0,10.4,200.0,1.9919373696405014,1.9094249709870175,0.25,12.0,8.0,1.0,6,0.05,150.0,50d24bb,False,6,0.05,10.416667,sum,24,20.0,155.0,360.0,B2,1.0,72,1.0,True,True,0.0,0.0,200.0,True,10.4,200.0,0.25,2,False,6,6,15.0,-1.0,True,0.5,True,1.0,10.0,0.0,False,0.0,0.0,True,19.0,21.0,0.0,0.75,40.0,21.0,19.0,0.0,16.0,24.0,24.0,16.0,1.5
0.12525731139551646,0.21007340928865215,0.3576534337534228,1.307738961815461,2.3814408982686497,0.4103703703703704,0.20962962962962964,2700,153.59999999999602,inf,inf,True,True,27,23,133,0,0,0,0,0,0,0,0,0,0,0,0.6516129032258065,0.0010460608807328527,0.0,0.24326497844759434,0.0,0.0,0.35,baseline,24,20.0,10.4,200.0,1.9919373696405014,1.9094249709870175,0.25,12.0,8.0,1.0,7,0.05,150.0,50d24bb,False,7,0.05,10.416667,sum,24,20.0,155.0,360.0,B2,1.0,72,1.0,True,True,0.0,0.0,200.0,True,10.4,200.0,0.25,2,False,6,6,15.0,-1.0,True,0.5,True,1.0,10.0,0.0,False,0.0,0.0,True,,,,,,,,,,,,,
0.2778522071511276,0.507916311754743,0.6439690938327545,1.6010786416710043,3.539402939420265,0.7381481481481481,0.5333333333333333,2700,153.59999999999602,inf,inf,True,True,27,23,226,236,710,17,42,66,14,49,12,37,26,23,0.6967741935483871,0.005467324142959206,0.0,0.8746839248797693,0.0,0.0,0.35,B2,24,20.0,10.4,200.0,1.9919373696405014,1.9094249709870175,0.25,12.0,8.0,1.0,7,0.05,150.0,50d24bb,False,7,0.05,10.416667,sum,24,20.0,155.0,360.0,B2,1.0,72,1.0,True,True,0.0,0.0,200.0,True,10.4,200.0,0.25,2,False,6,6,15.0,-1.0,True,0.5,True,1.0,10.0,0.0,False,0.0,0.0,True,19.0,30.0,0.0,0.75,49.0,20.0,29.0,0.0,14.0,35.0,33.0,16.0,1.5
0.09933336654297162,0.18430049376558866,0.2881007693373555,1.2334119831485875,2.1425229906455256,0.31296296296296294,0.13444444444444445,2700,154.79999999999595,0.0,inf,False,True,24,22,102,0,0,0,0,0,0,0,0,0,0,0,0.8451612903225807,0.0007746387186301941,0.0,0.24271078439066746,0.0,0.0,1.1,baseline,24,20.0,10.4,200.0,1.9919373696405014,1.9094249709870175,1.0,12.0,8.0,1.0,0,0.05,150.0,50d24bb,False,0,0.05,10.416667,sum,24,20.0,155.0,360.0,B2,1.0,72,1.0,True,True,0.0,0.0,200.0,True,10.4,200.0,1.0,2,False,6,6,15.0,-1.0,True,0.5,True,1.0,10.0,0.0,False,0.0,0.0,True,,,,,,,,,,,,,
0.19154442427371754,0.2925722975333724,0.3971176976084206,1.4281376825891927,2.664864029842576,0.6922222222222222,0.30703703703703705,2700,154.79999999999595,inf,inf,True,True,24,22,119,147,678,8,32,41,8,33,17,16,25,8,0.2903225806451613,0.0016005501700329726,0.0,0.2859533349886271,0.0,0.0,1.1,B2,24,20.0,10.4,200.0,1.9919373696405014,1.9094249709870175,1.0,12.0,8.0,1.0,0,0.05,150.0,50d24bb,False,0,0.05,10.416667,sum,24,20.0,155.0,360.0,B2,1.0,72,1.0,True,True,0.0,0.0,200.0,True,10.4,200.0,1.0,2,False,6,6,15.0,-1.0,True,0.5,True,1.0,10.0,0.0,False,0.0,0.0,True,19.0,14.0,1.0,1.5,33.0,19.0,14.0,1.0,17.0,16.0,26.0,7.0,3.0
0.13597374774249307,0.24728581308378775,0.4305637657330969,1.3565971348815618,2.5291325255458523,0.5159259259259259,0.2748148148148148,2700,153.6999999999959,inf,inf,True,True,29,28,142,0,0,0,0,0,0,0,0,0,0,0,0.33548387096774196,0.0016024991403360432,0.0,0.32078428706942647,0.0,0.0,1.1,baseline,24,20.0,10.4,200.0,1.9919373696405014,1.9094249709870175,1.0,12.0,8.0,1.0,1,0.05,150.0,50d24bb,False,1,0.05,10.416667,sum,24,20.0,155.0,360.0,B2,1.0,72,1.0,True,True,0.0,0.0,200.0,True,10.4,200.0,1.0,2,False,6,6,15.0,-1.0,True,0.5,True,1.0,10.0,0.0,False,0.0,0.0,True,,,,,,,,,,,,,
0.2027101417096205,0.3024431728353478,0.6505548662948283,1.4950285593078465,3.0982997028758,0.7633333333333333,0.3925925925925926,2700,153.6999999999959,inf,inf,True,True,29,28,154,151,680,16,37,53,15,37,19,18,29,8,0.7612903225806451,0.002634992885308839,0.0,0.499129531126578,0.0,0.0,1.1,B2,24,20.0,10.4,200.0,1.9919373696405014,1.9094249709870175,1.0,12.0,8.0,1.0,1,0.05,150.0,50d24bb,False,1,0.05,10.416667,sum,24,20.0,155.0,360.0,B2,1.0,72,1.0,True,True,0.0,0.0,200.0,True,10.4,200.0,1.0,2,False,6,6,15.0,-1.0,True,0.5,True,1.0,10.0,0.0,False,0.0,0.0,True,22.0,15.0,0.0,1.5,37.0,22.0,15.0,0.0,19.0,18.0,30.0,7.0,3.0
0.12626991574840293,0.2279971787153081,0.3300036198895065,1.3275927868601491,2.201192082567012,0.4925925925925926,0.25703703703703706,2700,147.89999999999588,3.950000000004394,inf,False,True,29,28,137,0,0,0,0,0,0,0,0,0,0,0,0.14838709677419354,0.0013388613941403853,0.0,0.31004693651409665,0.0,0.0,1.1,baseline,24,20.0,10.4,200.0,1.9919373696405014,1.9094249709870175,1.0,12.0,8.0,1.0,2,0.05,150.0,50d24bb,False,2,0.05,10.416667,sum,24,20.0,155.0,360.0,B2,1.0,72,1.0,True,True,0.0,0.0,200.0,True,10.4,200.0,1.0,2,False,6,6,15.0,-1.0,True,0.5,True,1.0,10.0,0.0,False,0.0,0.0,True,,,,,,,,,,,,,
0.15839206822278815,0.2796594168423895,0.3968595911118664,1.3382068412069852,2.2325339681921617,0.5140740740740741,0.26185185185185184,2700,147.89999999999588,2.6500000000040984,3.1000000000042007,False,False,29,28,140,281,645,16,36,52,13,36,18,18,29,7,0.41935483870967744,0.0023873716469833845,0.0,0.27444998904054835,0.0,0.0,1.1,B2,24,20.0,10.4,200.0,1.9919373696405014,1.9094249709870175,1.0,12.0,8.0,1.0,2,0.05,150.0,50d24bb,False,2,0.05,10.416667,sum,24,20.0,155.0,360.0,B2,1.0,72,1.0,True,True,0.0,0.0,200.0,True,10.4,200.0,1.0,2,False,6,6,15.0,-1.0,True,0.5,True,1.0,10.0,0.0,False,0.0,0.0,True,24.0,12.0,0.0,1.5,36.0,24.0,12.0,0.0,18.0,18.0,31.0,5.0,3.0
0.15747669760574912,0.2504566803372921,0.3642534892471428,1.4169219371633628,2.3041217645949867,0.6592592592592592,0.31851851851851853,2700,150.39999999999574,4.250000000005173,inf,False,True,38,37,190,0,0,0,0,0,0,0,0,0,0,0,0.22580645161290322,0.001829710876788331,0.0,0.2985717743698531,0.0,0.0,1.1,baseline,24,20.0,10.4,200.0,1.9919373696405014,1.9094249709870175,1.0,12.0,8.0,1.0,3,0.05,150.0,50d24bb,False,3,0.05,10.416667,sum,24,20.0,155.0,360.0,B2,1.0,72,1.0,True,True,0.0,0.0,200.0,True,10.4,200.0,1.0,2,False,6,6,15.0,-1.0,True,0.5,True,1.0,10.0,0.0,False,0.0,0.0,True,,,,,,,,,,,,,
0.19465315691496493,0.3031902188042173,0.3931637314894786,1.4884302121681885,2.394505766991395,0.774074074074074,0.47555555555555556,2700,150.39999999999574,3.900000000005093,inf,False,True,38,37,174,299,786,19,40,60,9,41,18,23,32,9,0.8580645161290322,0.0032896498156093487,0.0,0.31906480997324593,0.0,0.0,1.1,B2,24,20.0,10.4,200.0,1.9919373696405014,1.9094249709870175,1.0,12.0,8.0,1.0,3,0.05,150.0,50d24bb,False,3,0.05,10.416667,sum,24,20.0,155.0,360.0,B2,1.0,72,1.0,True,True,0.0,0.0,200.0,True,10.4,200.0,1.0,2,False,6,6,15.0,-1.0,True,0.5,True,1.0,10.0,0.0,False,0.0,0.0,True,28.0,13.0,0.0,1.5,41.0,28.0,13.0,0.0,19.0,22.0,34.0,7.0,3.0
0.12344412392973647,0.22924730905613494,0.507510663610384,1.331991801319823,3.0560856568881216,0.43,0.24481481481481482,2700,153.19999999999604,inf,inf,True,True,31,26,155,0,0,0,0,0,0,0,0,0,0,0,0.05806451612903226,0.0012537879733131774,0.0,0.4911596947759328,0.0,0.0,1.1,baseline,24,20.0,10.4,200.0,1.9919373696405014,1.9094249709870175,1.0,12.0,8.0,1.0,4,0.05,150.0,50d24bb,False,4,0.05,10.416667,sum,24,20.0,155.0,360.0,B2,1.0,72,1.0,True,True,0.0,0.0,200.0,True,10.4,200.0,1.0,2,False,6,6,15.0,-1.0,True,0.5,True,1.0,10.0,0.0,False,0.0,0.0,True,,,,,,,,,,,,,
0.19287606334957613,0.3243752092350894,0.3919074651611979,1.480016063859128,2.5132524185515472,0.7296296296296296,0.45037037037037037,2700,153.19999999999604,inf,inf,True,True,31,26,157,228,690,13,36,50,10,37,16,21,25,12,0.432258064516129,0.0020459470338176637,0.0,0.2494227782517386,0.0,0.0,1.1,B2,24,20.0,10.4,200.0,1.9919373696405014,1.9094249709870175,1.0,12.0,8.0,1.0,4,0.05,150.0,50d24bb,False,4,0.05,10.416667,sum,24,20.0,155.0,360.0,B2,1.0,72,1.0,True,True,0.0,0.0,200.0,True,10.4,200.0,1.0,2,False,6,6,15.0,-1.0,True,0.5,True,1.0,10.0,0.0,False,0.0,0.0,True,19.0,18.0,0.0,1.5,37.0,19.0,18.0,0.0,16.0,21.0,28.0,9.0,3.0
0.1098050379897413,0.1964940938842868,0.3384520700498517,1.2924896488914213,2.4461169391953232,0.38592592592592595,0.20185185185185187,2700,149.5999999999958,3.8500000000048544,inf,False,True,21,19,107,0,0,0,0,0,0,0,0,0,0,0,0.3741935483870968,0.0008714898372448453,0.0,0.2773337358557638,0.0,0.0,1.1,baseline,24,20.0,10.4,200.0,1.9919373696405014,1.9094249709870175,1.0,12.0,8.0,1.0,5,0.05,150.0,50d24bb,False,5,0.05,10.416667,sum,24,20.0,155.0,360.0,B2,1.0,72,1.0,True,True,0.0,0.0,200.0,True,10.4,200.0,1.0,2,False,6,6,15.0,-1.0,True,0.5,True,1.0,10.0,0.0,False,0.0,0.0,True,,,,,,,,,,,,,
0.1665469287843937,0.28297459870342984,0.402623234609803,1.4138908585381973,2.67095679601849,0.654074074074074,0.33,2700,149.5999999999958,inf,inf,True,True,21,19,103,170,499,10,24,35,9,25,12,13,17,8,0.3741935483870968,0.0016868779835334158,0.0,0.2658248146335886,0.0,0.0,1.1,B2,24,20.0,10.4,200.0,1.9919373696405014,1.9094249709870175,1.0,12.0,8.0,1.0,5,0.05,150.0,50d24bb,False,5,0.05,10.416667,sum,24,20.0,155.0,360.0,B2,1.0,72,1.0,True,True,0.0,0.0,200.0,True,10.4,200.0,1.0,2,False,6,6,15.0,-1.0,True,0.5,True,1.0,10.0,0.0,False,0.0,0.0,True,15.0,10.0,0.0,1.5,25.0,15.0,10.0,0.0,12.0,13.0,18.0,7.0,3.0
0.11472704377841511,0.19258465242517067,0.2930600428942645,1.299173332426235,2.1802956343385613,0.42962962962962964,0.17814814814814814,2700,154.19999999999553,0.0,inf,False,True,25,23,115,0,0,0,0,0,0,0,0,0,0,0,0.0,0.0009102136187027712,0.0,0.23066718251603557,0.0,0.0,1.1,baseline,24,20.0,10.4,200.0,1.9919373696405014,1.9094249709870175,1.0,12.0,8.0,1.0,6,0.05,150.0,50d24bb,False,6,0.05,10.416667,sum,24,20.0,155.0,360.0,B2,1.0,72,1.0,True,True,0.0,0.0,200.0,True,10.4,200.0,1.0,2,False,6,6,15.0,-1.0,True,0.5,True,1.0,10.0,0.0,False,0.0,0.0,True,,,,,,,,,,,,,
0.1896454632217813,0.26057446593087025,0.3821475198751721,1.4453300845865118,2.4922886403120623,0.7748148148148148,0.3251851851851852,2700,154.19999999999553,0.0,inf,False,True,25,23,113,190,627,10,32,42,6,32,15,17,21,11,0.8258064516129032,0.0017923167292091943,0.0,0.23487732773924122,0.0,0.0,1.1,B2,24,20.0,10.4,200.0,1.9919373696405014,1.9094249709870175,1.0,12.0,8.0,1.0,6,0.05,150.0,50d24bb,False,6,0.05,10.416667,sum,24,20.0,155.0,360.0,B2,1.0,72,1.0,True,True,0.0,0.0,200.0,True,10.4,200.0,1.0,2,False,6,6,15.0,-1.0,True,0.5,True,1.0,10.0,0.0,False,0.0,0.0,True,19.0,13.0,0.0,1.5,32.0,19.0,13.0,0.0,15.0,17.0,22.0,10.0,3.0
0.1224867582301759,0.20845093765922018,0.3531205275438463,1.3093434135435944,2.2539393379782857,0.40296296296296297,0.22592592592592592,2700,153.59999999999602,inf,inf,True,True,27,23,128,0,0,0,0,0,0,0,0,0,0,0,0.6516129032258065,0.0009669972182399498,0.0,0.24061934951282038,0.0,0.0,1.1,baseline,24,20.0,10.4,200.0,1.9919373696405014,1.9094249709870175,1.0,12.0,8.0,1.0,7,0.05,150.0,50d24bb,False,7,0.05,10.416667,sum,24,20.0,155.0,360.0,B2,1.0,72,1.0,True,True,0.0,0.0,200.0,True,10.4,200.0,1.0,2,False,6,6,15.0,-1.0,True,0.5,True,1.0,10.0,0.0,False,0.0,0.0,True,,,,,,,,,,,,,
0.19409973412300596,0.2984674882240819,0.5011886485013975,1.4471061828682488,3.1649105786860074,0.7144444444444444,0.36148148148148146,2700,153.59999999999602,inf,inf,True,True,27,23,133,233,642,13,32,47,11,34,15,19,24,10,0.6516129032258065,0.0023879541084363166,0.0,0.36165017155946333,0.0,0.0,1.1,B2,24,20.0,10.4,200.0,1.9919373696405014,1.9094249709870175,1.0,12.0,8.0,1.0,7,0.05,150.0,50d24bb,False,7,0.05,10.416667,sum,24,20.0,155.0,360.0,B2,1.0,72,1.0,True,True,0.0,0.0,200.0,True,10.4,200.0,1.0,2,False,6,6,15.0,-1.0,True,0.5,True,1.0,10.0,0.0,False,0.0,0.0,True,21.0,13.0,0.0,1.5,34.0,21.0,13.0,0.0,16.0,18.0,25.0,9.0,3.0
0.10039916707071576,0.19174266761390482,0.2715918847499729,1.2439667332605167,2.105114001197992,0.30814814814814817,0.1574074074074074,2700,154.79999999999595,inf,inf,True,True,24,22,80,0,0,0,0,0,0,0,0,0,0,0,0.0,0.0006583082245518568,0.0,0.23104570580213976,0.0,0.0,0.35,baseline,24,20.0,15.7,200.0,3.0070592983996027,2.8824973119707855,0.25,12.0,8.0,1.0,0,0.05,150.0,50d24bb,False,0,0.05,10.416667,sum,24,20.0,155.0,360.0,B2,1.0,72,1.0,True,True,0.0,0.0,200.0,True,15.7,200.0,0.25,2,False,6,6,15.0,-1.0,True,0.5,True,1.0,10.0,0.0,False,0.0,0.0,True,,,,,,,,,,,,,
0.08324340402144438,0.18839723283608134,0.2746808940852218,1.1906359199313334,2.031907764488759,0.2051851851851852,0.1451851851851852,2700,154.79999999999595,inf,inf,True,True,24,22,84,453,457,22,23,45,5,23,8,15,22,1,0.896774193548387,0.0014743679037901875,0.0,0.2646157574473713,0.0,0.0,0.35,B2,24,20.0,15.7,200.0,3.0070592983996027,2.8824973119707855,0.25,12.0,8.0,1.0,0,0.05,150.0,50d24bb,False,0,0.05,10.416667,sum,24,20.0,155.0,360.0,B2,1.0,72,1.0,True,True,0.0,0.0,200.0,True,15.7,200.0,0.25,2,False,6,6,15.0,-1.0,True,0.5,True,1.0,10.0,0.0,False,0.0,0.0,True,20.0,3.0,0.0,0.75,23.0,21.0,2.0,0.0,8.0,15.0,23.0,0.0,1.5
0.1389440549723959,0.24524227050777297,0.4495703490965496,1.3702578002833394,2.523364622979196,0.5159259259259259,0.2837037037037037,2700,153.6999999999959,inf,inf,True,True,29,28,109,0,0,0,0,0,0,0,0,0,0,0,0.33548387096774196,0.0011052328394425665,0.0,0.30256497444979047,0.0,0.0,0.35,baseline,24,20.0,15.7,200.0,3.0070592983996027,2.8824973119707855,0.25,12.0,8.0,1.0,1,0.05,150.0,50d24bb,False,1,0.05,10.416667,sum,24,20.0,155.0,360.0,B2,1.0,72,1.0,True,True,0.0,0.0,200.0,True,15.7,200.0,0.25,2,False,6,6,15.0,-1.0,True,0.5,True,1.0,10.0,0.0,False,0.0,0.0,True,,,,,,,,,,,,,
0.11877990322672308,0.2390522349706651,0.330281948352866,1.3160524527640638,2.3813494492757186,0.37962962962962965,0.26851851851851855,2700,153.6999999999959,inf,inf,True,True,29,28,104,532,553,28,28,56,6,28,14,14,26,2,0.7612903225806451,0.00262640819769825,0.0,0.25908282974819336,0.0,0.0,0.35,B2,24,20.0,15.7,200.0,3.0070592983996027,2.8824973119707855,0.25,12.0,8.0,1.0,1,0.05,150.0,50d24bb,False,1,0.05,10.416667,sum,24,20.0,155.0,360.0,B2,1.0,72,1.0,True,True,0.0,0.0,200.0,True,15.7,200.0,0.25,2,False,6,6,15.0,-1.0,True,0.5,True,1.0,10.0,0.0,False,0.0,0.0,True,26.0,2.0,0.0,0.75,28.0,28.0,0.0,0.0,16.0,12.0,28.0,0.0,1.5
0.13159304874553474,0.24015273662979583,0.3583766031354497,1.3463789791441816,2.2594365807347887,0.48592592592592593,0.26185185185185184,2700,147.89999999999588,3.400000000004269,inf,False,True,29,28,106,0,0,0,0,0,0,0,0,0,0,0,0.14838709677419354,0.0010609348805181594,0.0,0.30107945248220824,0.0,0.0,0.35,baseline,24,20.0,15.7,200.0,3.0070592983996027,2.8824973119707855,0.25,12.0,8.0,1.0,2,0.05,150.0,50d24bb,False,2,0.05,10.416667,sum,24,20.0,155.0,360.0,B2,1.0,72,1.0,True,True,0.0,0.0,200.0,True,15.7,200.0,0.25,2,False,6,6,15.0,-1.0,True,0.5,True,1.0,10.0,0.0,False,0.0,0.0,True,,,,,,,,,,,,,
0.11114716696465039,0.2248598562872139,0.3666196282185098,1.3004310216882438,2.1311556753041154,0.35259259259259257,0.2577777777777778,2700,147.89999999999588,2.200000000003996,3.250000000004235,False,False,29,28,104,562,537,29,28,57,9,28,19,9,24,4,0.21935483870967742,0.0023407427652042743,0.0,0.287921105650931,0.0,0.0,0.35,B2,24,20.0,15.7,200.0,3.0070592983996027,2.8824973119707855,0.25,12.0,8.0,1.0,2,0.05,150.0,50d24bb,False,2,0.05,10.416667,sum,24,20.0,155.0,360.0,B2,1.0,72,1.0,True,True,0.0,0.0,200.0,True,15.7,200.0,0.25,2,False,6,6,15.0,-1.0,True,0.5,True,1.0,10.0,0.0,False,0.0,0.0,True,24.0,4.0,0.0,0.75,28.0,27.0,1.0,0.0,22.0,6.0,28.0,0.0,1.5
0.16400188322123155,0.25507066106226634,0.379778850935669,1.4453775616165434,2.353554152977307,0.6796296296296296,0.3511111111111111,2700,150.39999999999574,3.750000000005059,inf,False,True,38,37,141,0,0,0,0,0,0,0,0,0,0,0,0.22580645161290322,0.0013787532432773804,0.0,0.2923035740831419,0.0,0.0,0.35,baseline,24,20.0,15.7,200.0,3.0070592983996027,2.8824973119707855,0.25,12.0,8.0,1.0,3,0.05,150.0,50d24bb,False,3,0.05,10.416667,sum,24,20.0,155.0,360.0,B2,1.0,72,1.0,True,True,0.0,0.0,200.0,True,15.7,200.0,0.25,2,False,6,6,15.0,-1.0,True,0.5,True,1.0,10.0,0.0,False,0.0,0.0,True,,,,,,,,,,,,,
0.14174247366651765,0.24310030829273538,0.4321653775402943,1.3805202175258007,2.922884706128718,0.48074074074074075,0.3377777777777778,2700,150.39999999999574,2.000000000004661,3.9500000000051045,False,False,38,37,137,724,761,38,39,78,6,39,19,20,34,5,0.7677419354838709,0.0029601247028344453,0.0,0.35766081725107624,0.0,0.0,0.35,B2,24,20.0,15.7,200.0,3.0070592983996027,2.8824973119707855,0.25,12.0,8.0,1.0,3,0.05,150.0,50d24bb,False,3,0.05,10.416667,sum,24,20.0,155.0,360.0,B2,1.0,72,1.0,True,True,0.0,0.0,200.0,True,15.7,200.0,0.25,2,False,6,6,15.0,-1.0,True,0.5,True,1.0,10.0,0.0,False,0.0,0.0,True,32.0,7.0,0.0,0.75,39.0,37.0,2.0,0.0,24.0,15.0,38.0,1.0,1.5
0.1282263843432425,0.2331522412044304,0.5183702510035963,1.3551097774863863,3.0342635178959805,0.4362962962962963,0.27814814814814814,2700,153.19999999999604,inf,inf,True,True,31,26,116,0,0,0,0,0,0,0,0,0,0,0,0.05806451612903226,0.0008739051352776813,0.0,0.2552834714493737,0.0,0.0,0.35,baseline,24,20.0,15.7,200.0,3.0070592983996027,2.8824973119707855,0.25,12.0,8.0,1.0,4,0.05,150.0,50d24bb,False,4,0.05,10.416667,sum,24,20.0,155.0,360.0,B2,1.0,72,1.0,True,True,0.0,0.0,200.0,True,15.7,200.0,0.25,2,False,6,6,15.0,-1.0,True,0.5,True,1.0,10.0,0.0,False,0.0,0.0,True,,,,,,,,,,,,,
0.1069104636556261,0.2274693006200562,0.4809009046404992,1.3059885972037493,2.795679625949316,0.3622222222222222,0.25851851851851854,2700,153.19999999999604,inf,inf,True,True,31,26,116,542,518,29,28,57,6,28,16,12,24,4,0.4967741935483871,0.0018381420431252478,0.0,0.22430883837746146,0.0,0.0,0.35,B2,24,20.0,15.7,200.0,3.0070592983996027,2.8824973119707855,0.25,12.0,8.0,1.0,4,0.05,150.0,50d24bb,False,4,0.05,10.416667,sum,24,20.0,155.0,360.0,B2,1.0,72,1.0,True,True,0.0,0.0,200.0,True,15.7,200.0,0.25,2,False,6,6,15.0,-1.0,True,0.5,True,1.0,10.0,0.0,False,0.0,0.0,True,23.0,5.0,0.0,0.75,28.0,25.0,3.0,0.0,18.0,10.0,26.0,2.0,1.5
0.11462986657932273,0.2035759051099124,0.3893156461431715,1.3115686892600247,2.5762693303399544,0.39555555555555555,0.23296296296296296,2700,149.5999999999958,2.450000000004536,inf,False,True,21,19,77,0,0,0,0,0,0,0,0,0,0,0,0.3741935483870968,0.000707151593190359,0.0,0.22644515523490027,0.0,0.0,0.35,baseline,24,20.0,15.7,200.0,3.0070592983996027,2.8824973119707855,0.25,12.0,8.0,1.0,5,0.05,150.0,50d24bb,False,5,0.05,10.416667,sum,24,20.0,155.0,360.0,B2,1.0,72,1.0,True,True,0.0,0.0,200.0,True,15.7,200.0,0.25,2,False,6,6,15.0,-1.0,True,0.5,True,1.0,10.0,0.0,False,0.0,0.0,True,,,,,,,,,,,,,
0.0928377394881909,0.19391508323892423,0.303943945669724,1.2483790443871254,2.38443489762327,0.2803703703703704,0.2,2700,149.5999999999958,2.300000000004502,3.600000000004826,False,False,21,19,76,440,406,21,19,41,7,20,14,6,17,3,0.3741935483870968,0.0016672872340027457,0.0,0.23075808604390408,0.0,0.0,0.35,B2,24,20.0,15.7,200.0,3.0070592983996027,2.8824973119707855,0.25,12.0,8.0,1.0,5,0.05,150.0,50d24bb,False,5,0.05,10.416667,sum,24,20.0,155.0,360.0,B2,1.0,72,1.0,True,True,0.0,0.0,200.0,True,15.7,200.0,0.25,2,False,6,6,15.0,-1.0,True,0.5,True,1.0,10.0,0.0,False,0.0,0.0,True,16.0,4.0,1.0,0.75,20.0,18.0,2.0,1.0,16.0,4.0,20.0,0.0,1.5
0.12046722243498734,0.20272296159612355,0.3010068291676299,1.3253827865285093,2.1784821059497754,0.44296296296296295,0.2237037037037037,2700,154.19999999999553,inf,inf,True,True,25,23,91,0,0,0,0,0,0,0,0,0,0,0,0.0,0.0007660204159252822,0.0,0.21736813089006835,0.0,0.0,0.35,baseline,24,20.0,15.7,200.0,3.0070592983996027,2.8824973119707855,0.25,12.0,8.0,1.0,6,0.05,150.0,50d24bb,False,6,0.05,10.416667,sum,24,20.0,155.0,360.0,B2,1.0,72,1.0,True,True,0.0,0.0,200.0,True,15.7,200.0,0.25,2,False,6,6,15.0,-1.0,True,0.5,True,1.0,10.0,0.0,False,0.0,0.0,True,,,,,,,,,,,,,
0.10511529464689223,0.19581794626216922,0.2845992252461501,1.2790744679947552,2.0211878830494467,0.3377777777777778,0.2237037037037037,2700,154.19999999999553,inf,inf,True,True,25,23,89,522,522,25,24,50,8,25,12,13,21,4,0.8774193548387097,0.0021248913149185403,0.0,0.23647597097660625,0.0,0.0,0.35,B2,24,20.0,15.7,200.0,3.0070592983996027,2.8824973119707855,0.25,12.0,8.0,1.0,6,0.05,150.0,50d24bb,False,6,0.05,10.416667,sum,24,20.0,155.0,360.0,B2,1.0,72,1.0,True,True,0.0,0.0,200.0,True,15.7,200.0,0.25,2,False,6,6,15.0,-1.0,True,0.5,True,1.0,10.0,0.0,False,0.0,0.0,True,19.0,6.0,0.0,0.75,25.0,23.0,2.0,0.0,13.0,12.0,25.0,0.0,1.5
0.12965448602892857,0.22511294199566648,0.4619253632311146,1.3405297555736824,2.7954706598711714,0.43074074074074076,0.25666666666666665,2700,153.59999999999602,inf,inf,True,True,27,23,103,0,0,0,0,0,0,0,0,0,0,0,0.6516129032258065,0.0007954072532996569,0.0,0.23518610312376398,0.0,0.0,0.35,baseline,24,20.0,15.7,200.0,3.0070592983996027,2.8824973119707855,0.25,12.0,8.0,1.0,7,0.05,150.0,50d24bb,False,7,0.05,10.416667,sum,24,20.0,155.0,360.0,B2,1.0,72,1.0,True,True,0.0,0.0,200.0,True,15.7,200.0,0.25,2,False,6,6,15.0,-1.0,True,0.5,True,1.0,10.0,0.0,False,0.0,0.0,True,,,,,,,,,,,,,
0.1013173422241301,0.20384440659896896,0.3292549098721368,1.2627821736098332,2.049480539257252,0.30185185185185187,0.21259259259259258,2700,153.59999999999602,inf,inf,True,True,27,23,93,531,466,27,23,50,7,23,12,11,22,1,0.7096774193548387,0.002148607377903293,0.0,0.2315864055302734,0.0,0.0,0.35,B2,24,20.0,15.7,200.0,3.0070592983996027,2.8824973119707855,0.25,12.0,8.0,1.0,7,0.05,150.0,50d24bb,False,7,0.05,10.416667,sum,24,20.0,155.0,360.0,B2,1.0,72,1.0,True,True,0.0,0.0,200.0,True,15.7,200.0,0.25,2,False,6,6,15.0,-1.0,True,0.5,True,1.0,10.0,0.0,False,0.0,0.0,True,22.0,1.0,0.0,0.75,23.0,23.0,0.0,0.0,12.0,11.0,23.0,0.0,1.5
